timestamp,symbol,last_price,high,low,avg,volume
20230720T093000,AAPL,100.74,101.23,100.6,100.74,4843
20230720T093001,AAPL,99.83,100.62,99.3,100.28,5797
20230720T093002,AAPL,98.7,99.31,97.99,99.76,6766
20230720T093003,AAPL,98.87,99.7,98.27,99.53,4829
20230720T093004,AAPL,99.59,100.49,99.07,99.55,4070
20230720T093005,AAPL,97.97,98.55,97.25,99.28,4543
20230720T093006,AAPL,99.99,100.63,99.98,99.38,6481
20230720T093007,AAPL,99.14,99.27,98.49,99.35,6604
20230720T093008,AAPL,102.65,103.08,102.37,99.72,5821
20230720T093009,AAPL,100.49,100.91,100.26,99.8,6493
20230720T093010,AAPL,101.87,102.07,101.16,99.99,4283
20230720T093011,AAPL,99.81,99.82,99.05,99.97,5228
20230720T093012,AAPL,101.38,101.61,100.52,100.08,4679
20230720T093013,AAPL,101.16,102.03,100.36,100.16,6475
20230720T093014,AAPL,98.7,99.32,98.56,100.06,4592
20230720T093015,AAPL,98.35,99.29,97.46,99.95,6860
20230720T093016,AAPL,100.05,100.69,99.7,99.96,5204
20230720T093017,AAPL,100.8,100.93,100.08,100.0,5661
20230720T093018,AAPL,101.87,101.91,101.82,100.1,4151
20230720T093019,AAPL,100.39,100.62,99.46,100.12,4492
20230720T093020,AAPL,98.83,99.66,97.87,100.02,5112
20230720T093021,AAPL,101.22,101.9,100.5,100.09,6444
20230720T093022,AAPL,98.61,99.35,98.36,100.09,5538
20230720T093023,AAPL,101.19,101.59,100.91,100.2,4838
20230720T093024,AAPL,98.73,98.93,98.2,100.16,4108
20230720T093025,AAPL,101.1,101.78,100.51,100.32,6655
20230720T093026,AAPL,101.85,102.62,101.33,100.41,4696
20230720T093027,AAPL,100.13,101.01,99.87,100.46,5692
20230720T093028,AAPL,99.91,100.33,99.63,100.32,6619
20230720T093029,AAPL,99.19,100.08,98.25,100.26,4013
20230720T093030,AAPL,99.23,99.36,98.26,100.12,4329
20230720T093031,AAPL,100.89,100.98,100.72,100.18,6947
20230720T093032,AAPL,100.0,100.92,99.95,100.11,4053
20230720T093033,AAPL,99.36,99.59,99.18,100.02,6827
20230720T093034,AAPL,100.17,101.0,99.79,100.09,6410
20230720T093035,AAPL,101.7,102.13,101.45,100.26,6043
20230720T093036,AAPL,98.88,99.86,98.61,100.2,4047
20230720T093037,AAPL,99.46,100.15,98.95,100.14,5215
20230720T093038,AAPL,98.48,99.06,98.46,99.97,6214
20230720T093039,AAPL,101.03,101.08,100.04,100.0,6628
20230720T093040,AAPL,99.64,99.84,98.99,100.04,4612
20230720T093041,AAPL,100.71,101.64,100.67,100.01,4012
20230720T093042,AAPL,98.63,99.16,97.99,100.01,4278
20230720T093043,AAPL,100.97,101.41,100.54,100.0,6661
20230720T093044,AAPL,100.33,100.95,99.6,100.08,4342
20230720T093045,AAPL,99.55,99.95,99.38,100.01,5048
20230720T093046,AAPL,100.87,101.39,100.8,99.96,5941
20230720T093047,AAPL,98.97,99.29,98.51,99.9,6111
20230720T093048,AAPL,99.72,100.24,99.34,99.89,4865
20230720T093049,AAPL,98.49,98.66,98.47,99.85,6781
20230720T093050,AAPL,100.25,100.7,100.08,99.91,6089
20230720T093051,AAPL,99.05,99.21,98.84,99.81,5722
20230720T093052,AAPL,99.2,99.36,98.59,99.77,5944
20230720T093053,AAPL,99.5,99.99,99.3,99.78,6531
20230720T093054,AAPL,100.18,101.13,99.23,99.78,5290
20230720T093055,AAPL,99.55,100.0,99.01,99.67,6422
20230720T093056,AAPL,98.52,99.15,98.11,99.66,5765
20230720T093057,AAPL,100.48,100.91,99.91,99.71,5135
20230720T093058,AAPL,98.98,99.23,98.96,99.73,5250
20230720T093059,AAPL,99.38,100.35,98.54,99.65,4870
20230720T093100,AAPL,99.06,99.34,98.85,99.62,4632
20230720T093101,AAPL,100.52,100.63,100.29,99.61,6653
20230720T093102,AAPL,100.6,100.82,100.3,99.71,4609
20230720T093103,AAPL,99.42,100.0,98.68,99.63,5199
20230720T093104,AAPL,100.25,100.74,99.89,99.63,5866
20230720T093105,AAPL,100.09,100.56,99.71,99.65,4530
20230720T093106,AAPL,99.25,99.91,99.18,99.57,4348
20230720T093107,AAPL,101.42,101.85,101.03,99.7,6252
20230720T093108,AAPL,101.42,101.42,101.04,99.78,5810
20230720T093109,AAPL,100.6,100.71,100.57,99.89,6950
20230720T093110,AAPL,100.21,100.57,99.84,99.88,6603
20230720T093111,AAPL,99.85,100.07,99.33,99.92,4610
20230720T093112,AAPL,99.91,100.29,99.9,99.96,4996
20230720T093113,AAPL,97.74,97.89,97.71,99.87,5828
20230720T093114,AAPL,100.57,100.83,100.01,99.89,4356
20230720T093115,AAPL,98.73,99.63,98.42,99.85,4758
20230720T093116,AAPL,99.44,100.26,98.81,99.9,4990
20230720T093117,AAPL,99.78,100.52,99.73,99.86,5908
20230720T093118,AAPL,99.86,99.96,99.38,99.91,6053
20230720T093119,AAPL,99.0,99.6,98.13,99.89,4580
20230720T093120,AAPL,100.97,101.93,100.35,99.98,4563
20230720T093121,AAPL,100.67,100.87,99.84,99.99,5213
20230720T093122,AAPL,98.87,99.53,98.54,99.9,5178
20230720T093123,AAPL,101.26,102.22,100.31,99.99,5159
20230720T093124,AAPL,99.64,99.68,99.07,99.96,5420
20230720T093125,AAPL,99.25,100.04,98.84,99.92,5058
20230720T093126,AAPL,101.45,101.88,101.21,100.03,6868
20230720T093127,AAPL,98.31,98.91,97.43,99.88,6862
20230720T093128,AAPL,101.7,102.44,100.96,99.89,6752
20230720T093129,AAPL,101.22,101.34,100.65,99.92,5051
20230720T093130,AAPL,101.32,101.97,101.16,99.98,6093
20230720T093131,AAPL,98.7,98.79,98.45,99.92,6573
20230720T093132,AAPL,100.55,101.26,99.91,99.95,5451
20230720T093133,AAPL,100.88,100.96,100.55,100.11,7000
20230720T093134,AAPL,99.74,100.3,98.86,100.07,4821
20230720T093135,AAPL,98.14,98.3,97.85,100.04,6390
20230720T093136,AAPL,99.59,100.39,98.79,100.05,4545
20230720T093137,AAPL,99.81,100.79,99.13,100.05,4888
20230720T093138,AAPL,99.99,100.96,99.22,100.05,6007
20230720T093139,AAPL,99.31,99.34,99.06,100.07,5763
20230720T093140,AAPL,99.66,99.92,99.41,100.0,4915
20230720T093141,AAPL,100.55,100.96,99.69,100.0,5779
20230720T093142,AAPL,97.57,98.33,97.52,99.93,4156
20230720T093143,AAPL,101.7,102.6,101.37,99.95,6115
20230720T093144,AAPL,97.46,97.63,96.89,99.84,5188
20230720T093145,AAPL,98.71,98.92,98.38,99.82,4346
20230720T093146,AAPL,100.55,101.22,100.2,99.77,4358
20230720T093147,AAPL,101.57,102.23,101.31,99.94,5533
20230720T093148,AAPL,100.39,100.87,99.84,99.87,4848
20230720T093149,AAPL,97.13,97.29,96.98,99.67,6010
20230720T093150,AAPL,99.77,99.91,99.15,99.59,4514
20230720T093151,AAPL,99.16,99.67,98.18,99.61,5565
20230720T093152,AAPL,99.57,99.88,98.89,99.56,6581
20230720T093153,AAPL,101.91,102.51,101.59,99.61,4553
20230720T093154,AAPL,99.61,100.02,99.42,99.61,6791
20230720T093155,AAPL,99.39,100.32,98.65,99.67,6867
20230720T093156,AAPL,99.06,100.03,98.33,99.64,5939
20230720T093157,AAPL,99.0,99.7,98.97,99.6,4361
20230720T093158,AAPL,98.21,99.09,97.28,99.51,6389
20230720T093159,AAPL,99.57,100.0,98.93,99.53,5629
20230720T093200,AAPL,100.43,100.45,99.84,99.57,5215
20230720T093201,AAPL,98.65,99.64,98.23,99.47,6991
20230720T093202,AAPL,100.12,100.3,100.11,99.6,5204
20230720T093203,AAPL,99.09,99.6,98.56,99.47,6319
20230720T093204,AAPL,101.89,101.95,101.29,99.69,4266
20230720T093205,AAPL,100.21,100.52,99.9,99.76,4948
20230720T093206,AAPL,99.67,100.59,98.78,99.72,5714
20230720T093207,AAPL,100.08,100.66,99.64,99.65,5751
20230720T093208,AAPL,99.76,100.14,99.0,99.61,5323
20230720T093209,AAPL,100.52,100.89,99.88,99.78,4520
20230720T093210,AAPL,99.48,100.42,99.41,99.77,5568
20230720T093211,AAPL,99.52,100.39,98.86,99.79,4430
20230720T093212,AAPL,100.7,101.07,100.6,99.84,4145
20230720T093213,AAPL,99.75,100.73,99.55,99.74,5038
20230720T093214,AAPL,100.91,101.7,99.91,99.8,6365
20230720T093215,AAPL,100.06,100.94,100.01,99.83,4169
20230720T093216,AAPL,99.72,100.57,99.5,99.87,5297
20230720T093217,AAPL,99.45,100.12,98.82,99.89,5951
20230720T093218,AAPL,101.24,101.74,100.51,100.04,4950
20230720T093219,AAPL,99.11,99.5,98.46,100.02,6459
20230720T093220,AAPL,99.75,100.1,99.35,99.98,5097
20230720T093221,AAPL,99.59,100.37,98.59,100.03,6573
20230720T093222,AAPL,98.57,98.87,98.43,99.95,4822
20230720T093223,AAPL,100.19,100.55,99.64,100.01,6199
20230720T093224,AAPL,100.06,100.78,99.99,99.92,4169
20230720T093225,AAPL,99.77,100.14,99.71,99.9,6605
20230720T093226,AAPL,100.56,100.99,100.1,99.94,6453
20230720T093227,AAPL,99.33,99.57,98.92,99.9,5063
20230720T093228,AAPL,101.0,101.37,100.84,99.96,5534
20230720T093229,AAPL,99.97,100.37,99.26,99.94,5949
20230720T093230,AAPL,100.17,101.09,99.71,99.97,4391
20230720T093231,AAPL,100.07,100.68,99.24,100.0,6626
20230720T093232,AAPL,100.2,100.73,99.96,99.97,6203
20230720T093233,AAPL,100.57,100.81,100.55,100.01,6011
20230720T093234,AAPL,99.78,100.17,99.07,99.96,4145
20230720T093235,AAPL,100.26,100.6,99.29,99.97,6932
20230720T093236,AAPL,98.1,99.02,97.1,99.89,4333
20230720T093237,AAPL,100.95,101.75,100.31,99.96,6851
20230720T093238,AAPL,99.22,99.38,99.03,99.86,4502
20230720T093239,AAPL,100.17,100.6,100.06,99.91,4000
20230720T093240,AAPL,100.29,100.7,99.88,99.94,5576
20230720T093241,AAPL,100.04,100.27,99.21,99.96,6203
20230720T093242,AAPL,99.42,99.74,99.32,100.01,5389
20230720T093243,AAPL,99.65,100.35,99.64,99.98,6349
20230720T093244,AAPL,99.83,100.13,99.31,99.97,4837
20230720T093245,AAPL,99.94,100.25,98.99,99.98,4640
20230720T093246,AAPL,100.33,100.4,99.36,99.96,5978
20230720T093247,AAPL,99.26,99.88,98.64,99.96,5435
20230720T093248,AAPL,101.27,101.57,101.21,99.97,4863
20230720T093249,AAPL,101.21,102.18,100.37,100.04,6568
20230720T093250,AAPL,99.6,99.87,98.91,100.01,4667
20230720T093251,AAPL,98.94,99.83,98.83,99.95,4699
20230720T093252,AAPL,97.62,98.26,97.44,99.82,5015
20230720T093253,AAPL,100.86,101.47,100.54,99.84,5004
20230720T093254,AAPL,100.13,100.74,99.14,99.85,4699
20230720T093255,AAPL,100.55,100.81,100.37,99.87,4920
20230720T093256,AAPL,99.11,99.52,98.18,99.92,5847
20230720T093257,AAPL,99.69,99.97,98.92,99.86,5267
20230720T093258,AAPL,100.14,100.19,99.52,99.9,4126
20230720T093259,AAPL,99.51,99.64,99.34,99.87,6128
20230720T093300,AAPL,99.4,99.5,98.95,99.83,4171
20230720T093301,AAPL,100.04,100.38,99.24,99.83,6489
20230720T093302,AAPL,98.27,98.83,97.95,99.77,4113
20230720T093303,AAPL,98.42,99.33,97.72,99.71,6236
20230720T093304,AAPL,101.47,102.18,100.59,99.79,4973
20230720T093305,AAPL,100.88,101.0,100.52,99.84,6459
20230720T093306,AAPL,99.42,100.29,99.23,99.79,5598
20230720T093307,AAPL,99.91,100.33,99.4,99.82,4595
20230720T093308,AAPL,100.2,100.78,99.7,99.77,4302
20230720T093309,AAPL,99.69,100.43,99.28,99.69,4368
20230720T093310,AAPL,99.52,100.42,99.1,99.69,6204
20230720T093311,AAPL,99.48,99.84,98.96,99.72,4103
20230720T093312,AAPL,98.97,99.29,98.28,99.78,6006
20230720T093313,AAPL,99.58,99.82,98.99,99.72,4562
20230720T093314,AAPL,98.74,99.72,98.71,99.65,6037
20230720T093315,AAPL,98.72,99.33,98.55,99.56,6924
20230720T093316,AAPL,101.22,102.04,100.23,99.66,5501
20230720T093317,AAPL,99.69,100.44,99.06,99.66,6535
20230720T093318,AAPL,99.63,99.86,99.23,99.64,5506
20230720T093319,AAPL,100.01,100.31,99.23,99.66,4369
20230720T093320,AAPL,99.7,100.69,99.27,99.68,5071
20230720T093321,AAPL,99.36,99.91,99.28,99.64,4046
20230720T093322,AAPL,100.24,101.11,99.3,99.74,5064
20230720T093323,AAPL,100.98,101.64,100.48,99.87,6275
20230720T093324,AAPL,100.99,101.3,100.84,99.85,4556
20230720T093325,AAPL,99.03,99.4,98.35,99.75,4585
20230720T093326,AAPL,97.7,97.91,97.36,99.67,6032
20230720T093327,AAPL,99.17,100.05,98.52,99.63,5080
20230720T093328,AAPL,99.63,99.91,98.82,99.6,6355
20230720T093329,AAPL,99.57,99.68,99.27,99.6,5407
20230720T093330,AAPL,99.21,100.15,99.09,99.58,4560
20230720T093331,AAPL,100.54,100.9,100.08,99.63,4607
20230720T093332,AAPL,98.14,98.23,98.12,99.59,4600
20230720T093333,AAPL,101.03,101.41,100.64,99.66,4569
20230720T093334,AAPL,98.47,98.76,98.44,99.65,6916
20230720T093335,AAPL,101.26,102.09,100.7,99.78,5688
20230720T093336,AAPL,100.49,100.79,99.86,99.74,6553
20230720T093337,AAPL,98.71,99.03,98.13,99.69,6404
20230720T093338,AAPL,100.1,100.55,99.37,99.72,6301
20230720T093339,AAPL,100.01,100.51,99.95,99.72,6363
20230720T093340,AAPL,99.28,99.92,98.38,99.7,6300
20230720T093341,AAPL,100.04,100.78,99.5,99.73,6101
20230720T093342,AAPL,99.86,99.98,98.95,99.71,4857
20230720T093343,AAPL,99.34,100.12,98.65,99.63,5812
20230720T093344,AAPL,100.75,100.89,100.53,99.62,4209
20230720T093345,AAPL,101.98,102.41,101.29,99.76,5907
20230720T093346,AAPL,98.16,98.2,97.79,99.79,4823
20230720T093347,AAPL,100.11,100.67,99.59,99.83,6899
20230720T093348,AAPL,99.79,100.32,99.0,99.84,6940
20230720T093349,AAPL,99.96,100.48,99.24,99.86,4692
20230720T093350,AAPL,98.6,99.58,98.05,99.83,4342
20230720T093351,AAPL,101.55,102.16,101.5,99.88,4569
20230720T093352,AAPL,100.86,101.03,100.4,100.02,6559
20230720T093353,AAPL,100.28,100.44,99.99,99.98,4066
20230720T093354,AAPL,99.6,100.34,99.41,100.04,6360
20230720T093355,AAPL,98.54,98.56,98.34,99.9,6436
20230720T093356,AAPL,100.48,100.94,99.68,99.9,4182
20230720T093357,AAPL,99.69,100.34,99.53,99.95,4979
20230720T093358,AAPL,101.15,102.02,101.06,100.0,5465
20230720T093359,AAPL,101.39,101.48,101.31,100.07,6230
20230720T093400,AAPL,101.29,101.99,100.81,100.17,6892
20230720T093401,AAPL,97.98,98.47,97.08,100.07,4388
20230720T093402,AAPL,100.96,101.12,100.33,100.12,6486
20230720T093403,AAPL,100.67,101.14,100.09,100.19,5250
20230720T093404,AAPL,100.58,100.87,99.7,100.18,6520
20230720T093405,AAPL,99.52,99.7,98.84,100.06,5755
20230720T093406,AAPL,99.94,100.52,99.79,100.15,6860
20230720T093407,AAPL,99.78,100.46,99.24,100.13,4513
20230720T093408,AAPL,101.32,101.77,100.72,100.21,4113
20230720T093409,AAPL,101.1,102.07,100.78,100.26,6968
20230720T093410,AAPL,101.02,101.7,100.33,100.39,6883
20230720T093411,AAPL,100.13,100.77,99.64,100.31,5487
20230720T093412,AAPL,98.72,98.93,98.33,100.21,6694
20230720T093413,AAPL,100.72,101.49,100.2,100.23,6709
20230720T093414,AAPL,100.25,100.28,99.83,100.26,4492
20230720T093415,AAPL,100.93,101.12,100.06,100.38,5885
20230720T093416,AAPL,98.77,98.97,98.17,100.3,6010
20230720T093417,AAPL,100.87,101.42,100.1,100.35,4532
20230720T093418,AAPL,100.38,100.53,100.28,100.32,4629
20230720T093419,AAPL,99.45,100.17,99.32,100.22,5042
20230720T093420,AAPL,97.79,98.26,97.7,100.04,5666
20230720T093421,AAPL,98.93,99.61,98.46,100.09,4925
20230720T093422,AAPL,100.61,100.8,99.85,100.07,5827
20230720T093423,AAPL,99.96,100.85,99.04,100.04,4089
20230720T093424,AAPL,99.97,100.78,99.06,100.01,6220
20230720T093425,AAPL,100.43,101.01,99.87,100.05,5191
20230720T093426,AAPL,99.91,100.9,99.29,100.05,5137
20230720T093427,AAPL,100.29,100.67,99.81,100.08,4765
20230720T093428,AAPL,100.98,101.35,100.66,100.06,6226
20230720T093429,AAPL,98.83,99.18,98.47,99.95,4886
20230720T093430,AAPL,98.78,99.22,98.71,99.84,5405
20230720T093431,AAPL,98.64,98.94,97.77,99.76,5722
20230720T093432,AAPL,99.79,100.54,99.75,99.81,5158
20230720T093433,AAPL,100.85,101.22,100.08,99.82,6860
20230720T093434,AAPL,99.64,100.38,99.25,99.79,4481
20230720T093435,AAPL,99.77,100.26,98.94,99.73,4291
20230720T093436,AAPL,99.49,100.23,98.5,99.77,4051
20230720T093437,AAPL,100.98,101.8,99.99,99.77,5693
20230720T093438,AAPL,101.25,101.76,101.06,99.82,5251
20230720T093439,AAPL,99.76,100.02,99.55,99.83,6484
20230720T093440,AAPL,97.31,97.69,97.09,99.81,6146
20230720T093441,AAPL,102.29,103.17,101.92,99.98,5803
20230720T093442,AAPL,99.88,100.51,99.3,99.94,5191
20230720T093443,AAPL,98.78,99.55,98.39,99.88,5754
20230720T093444,AAPL,100.32,100.8,100.14,99.9,5968
20230720T093445,AAPL,102.15,102.83,101.33,99.98,4604
20230720T093446,AAPL,98.75,99.25,97.92,99.93,6684
20230720T093447,AAPL,99.84,99.95,99.78,99.9,5468
20230720T093448,AAPL,97.62,97.92,97.55,99.74,6607
20230720T093449,AAPL,97.72,97.92,96.96,99.68,6583
20230720T093450,AAPL,100.49,100.88,99.75,99.77,6420
20230720T093451,AAPL,100.13,100.9,99.26,99.84,6434
20230720T093452,AAPL,99.67,99.79,99.4,99.83,6399
20230720T093453,AAPL,99.21,99.65,98.34,99.75,6189
20230720T093454,AAPL,99.9,100.33,99.89,99.77,5371
20230720T093455,AAPL,101.18,101.35,101.06,99.84,5637
20230720T093456,AAPL,99.79,100.37,99.33,99.85,6559
20230720T093457,AAPL,99.99,100.6,99.07,99.8,6967
20230720T093458,AAPL,101.16,102.14,100.2,99.8,6205
20230720T093459,AAPL,99.13,99.89,98.26,99.77,6824
20230720T093500,AAPL,100.57,101.39,99.84,99.93,5913
20230720T093501,AAPL,100.92,101.8,100.71,99.86,5105
20230720T093502,AAPL,99.37,100.22,99.35,99.83,6769
20230720T093503,AAPL,100.48,100.96,99.56,99.92,4282
20230720T093504,AAPL,99.95,100.63,99.12,99.9,5161
20230720T093505,AAPL,101.96,102.76,101.45,99.89,5886
20230720T093506,AAPL,99.32,99.71,99.1,99.92,6391
20230720T093507,AAPL,100.04,100.05,99.88,99.93,5999
20230720T093508,AAPL,99.37,99.4,98.61,100.02,4601
20230720T093509,AAPL,101.72,102.14,101.09,100.22,5530
20230720T093510,AAPL,99.59,100.31,99.32,100.17,4798
20230720T093511,AAPL,98.62,99.01,98.05,100.1,5814
20230720T093512,AAPL,100.26,100.74,99.88,100.13,5737
20230720T093513,AAPL,101.18,101.97,100.76,100.22,5407
20230720T093514,AAPL,100.73,101.01,99.79,100.27,4194
20230720T093515,AAPL,100.17,100.29,99.31,100.22,4223
20230720T093516,AAPL,98.06,98.87,97.83,100.13,5007
20230720T093517,AAPL,98.87,99.19,97.88,100.07,6892
20230720T093518,AAPL,100.22,101.02,100.15,100.03,4287
20230720T093519,AAPL,99.31,99.94,98.79,100.04,5259
20230720T093520,AAPL,100.31,100.5,99.53,100.02,4362
20230720T093521,AAPL,99.26,99.49,98.77,99.94,6344
20230720T093522,AAPL,99.19,99.37,98.89,99.93,6454
20230720T093523,AAPL,98.05,99.02,97.11,99.81,5229
20230720T093524,AAPL,99.12,99.52,98.99,99.77,5231
20230720T093525,AAPL,98.23,98.85,98.02,99.58,6725
20230720T093526,AAPL,98.16,98.68,97.9,99.52,6882
20230720T093527,AAPL,98.99,99.63,98.18,99.47,5729
20230720T093528,AAPL,98.38,99.2,97.79,99.42,5362
20230720T093529,AAPL,99.98,100.45,99.52,99.33,4535
20230720T093530,AAPL,99.28,99.61,99.12,99.32,6973
20230720T093531,AAPL,101.33,101.8,100.49,99.45,4651
20230720T093532,AAPL,100.12,100.53,99.97,99.45,6325
20230720T093533,AAPL,101.56,101.79,101.32,99.47,5794
20230720T093534,AAPL,101.31,101.83,100.91,99.5,5949
20230720T093535,AAPL,98.98,99.94,98.57,99.44,6233
20230720T093536,AAPL,100.67,100.99,99.7,99.57,5792
20230720T093537,AAPL,100.1,100.45,99.96,99.63,5192
20230720T093538,AAPL,100.89,101.49,100.88,99.66,5947
20230720T093539,AAPL,101.05,101.32,100.88,99.75,5375
20230720T093540,AAPL,98.66,99.54,97.96,99.67,6683
20230720T093541,AAPL,99.82,100.1,99.32,99.69,6847
20230720T093542,AAPL,100.04,100.84,99.91,99.74,6666
20230720T093543,AAPL,99.44,99.73,98.69,99.81,4073
20230720T093544,AAPL,99.14,99.28,98.3,99.81,4058
20230720T093545,AAPL,100.6,101.29,99.97,99.92,6409
20230720T093546,AAPL,100.88,101.76,100.65,100.06,4492
20230720T093547,AAPL,100.84,101.55,100.28,100.15,5345
20230720T093548,AAPL,100.97,101.76,100.8,100.28,4213
20230720T093549,AAPL,99.21,99.38,98.86,100.24,4660
20230720T093550,AAPL,100.1,100.37,99.3,100.29,4574
20230720T093551,AAPL,100.63,101.43,100.06,100.25,6276
20230720T093552,AAPL,99.32,99.81,98.76,100.21,5021
20230720T093553,AAPL,100.32,100.82,100.03,100.15,6718
20230720T093554,AAPL,100.12,100.41,99.17,100.09,5867
20230720T093555,AAPL,100.95,101.15,100.69,100.19,6361
20230720T093556,AAPL,100.42,100.86,99.65,100.17,6300
20230720T093557,AAPL,98.64,99.47,98.15,100.1,4564
20230720T093558,AAPL,100.34,101.3,99.35,100.07,6166
20230720T093559,AAPL,101.04,101.06,100.08,100.07,4365
20230720T093600,AAPL,99.04,99.78,98.38,100.09,6210
20230720T093601,AAPL,98.84,99.62,98.26,100.04,5359
20230720T093602,AAPL,99.59,99.78,98.97,100.02,4644
20230720T093603,AAPL,100.6,101.4,99.71,100.08,6558
20230720T093604,AAPL,100.19,100.23,99.5,100.13,6472
20230720T093605,AAPL,99.47,100.45,98.58,100.08,4077
20230720T093606,AAPL,99.03,99.55,98.08,99.98,5228
20230720T093607,AAPL,100.1,100.63,100.06,99.95,4573
20230720T093608,AAPL,101.57,101.69,101.41,99.98,5495
20230720T093609,AAPL,98.75,99.05,98.33,99.95,5925
20230720T093610,AAPL,99.79,100.04,99.61,99.94,4000
20230720T093611,AAPL,97.94,98.2,97.54,99.8,6367
20230720T093612,AAPL,101.02,101.63,100.44,99.89,5685
20230720T093613,AAPL,100.2,100.64,99.52,99.88,4606
20230720T093614,AAPL,99.33,99.82,98.93,99.84,4693
20230720T093615,AAPL,99.35,100.2,99.28,99.76,5313
20230720T093616,AAPL,99.38,99.39,98.8,99.71,6884
20230720T093617,AAPL,99.49,100.41,98.79,99.75,6318
20230720T093618,AAPL,98.86,99.08,98.48,99.68,6376
20230720T093619,AAPL,100.08,100.42,99.19,99.63,4332
20230720T093620,AAPL,98.5,99.24,97.64,99.6,4332
20230720T093621,AAPL,99.16,99.43,98.52,99.62,6513
20230720T093622,AAPL,99.27,99.35,99.12,99.6,6849
20230720T093623,AAPL,101.34,102.23,100.59,99.64,5734
20230720T093624,AAPL,99.01,99.28,98.9,99.58,6147
20230720T093625,AAPL,101.0,101.02,100.2,99.66,6819
20230720T093626,AAPL,99.09,100.04,98.5,99.66,5968
20230720T093627,AAPL,100.65,100.81,99.89,99.69,6587
20230720T093628,AAPL,99.51,100.24,98.73,99.59,5798
20230720T093629,AAPL,100.46,100.97,100.44,99.67,6200
20230720T093630,AAPL,99.74,99.83,98.94,99.67,6686
20230720T093631,AAPL,99.25,99.76,98.82,99.73,4451
20230720T093632,AAPL,97.42,98.24,96.53,99.55,6829
20230720T093633,AAPL,98.65,98.89,98.62,99.48,6617
20230720T093634,AAPL,99.84,100.02,99.22,99.5,4178
20230720T093635,AAPL,100.26,100.81,99.72,99.55,5502
20230720T093636,AAPL,100.7,101.26,99.97,99.61,6133
20230720T093637,AAPL,99.32,100.19,98.39,99.61,5991
20230720T093638,AAPL,98.08,98.82,97.98,99.57,4493
20230720T093639,AAPL,101.46,101.53,101.1,99.64,6348
20230720T093640,AAPL,99.04,99.98,98.73,99.66,4197
20230720T093641,AAPL,99.04,99.28,98.19,99.66,6295
20230720T093642,AAPL,97.87,98.46,96.87,99.59,4324
20230720T093643,AAPL,100.15,101.11,99.81,99.53,4720
20230720T093644,AAPL,99.41,99.45,99.35,99.55,6598
20230720T093645,AAPL,100.02,100.8,99.85,99.5,6956
20230720T093646,AAPL,97.21,97.42,96.52,99.4,6408
20230720T093647,AAPL,98.14,99.01,97.41,99.28,5306
20230720T093648,AAPL,101.24,101.24,100.46,99.36,6676
20230720T093649,AAPL,100.62,101.01,100.35,99.37,5600
20230720T093650,AAPL,97.33,98.23,96.66,99.25,4282
20230720T093651,AAPL,98.79,99.42,98.39,99.23,6957
20230720T093652,AAPL,99.85,100.82,99.59,99.35,6463
20230720T093653,AAPL,100.6,101.26,99.69,99.45,4102
20230720T093654,AAPL,100.57,101.26,100.41,99.48,5670
20230720T093655,AAPL,98.96,99.58,98.33,99.42,4900
20230720T093656,AAPL,99.22,99.83,98.75,99.35,4909
20230720T093657,AAPL,100.21,100.41,99.87,99.39,6541
20230720T093658,AAPL,99.82,100.61,99.14,99.48,5356
20230720T093659,AAPL,99.93,100.08,99.72,99.4,4228
20230720T093700,AAPL,98.58,99.55,98.04,99.38,4604
20230720T093701,AAPL,99.93,100.26,99.78,99.42,6913
20230720T093702,AAPL,100.09,100.62,99.9,99.53,6090
20230720T093703,AAPL,99.72,99.76,98.86,99.51,6653
20230720T093704,AAPL,98.82,99.11,97.83,99.48,6475
20230720T093705,AAPL,98.04,98.64,97.69,99.38,5434
20230720T093706,AAPL,99.9,100.37,99.49,99.52,5227
20230720T093707,AAPL,98.82,99.07,98.41,99.55,4509
20230720T093708,AAPL,101.07,101.11,100.24,99.54,6098
20230720T093709,AAPL,101.89,102.57,101.55,99.61,5957
20230720T093710,AAPL,100.09,100.88,99.83,99.75,6543
20230720T093711,AAPL,100.9,100.95,100.87,99.85,5831
20230720T093712,AAPL,98.92,99.64,98.63,99.8,4048
20230720T093713,AAPL,100.55,100.68,100.22,99.8,5449
20230720T093714,AAPL,98.95,99.17,98.61,99.72,4242
20230720T093715,AAPL,99.25,99.28,98.42,99.73,4253
20230720T093716,AAPL,99.31,100.04,98.78,99.74,4937
20230720T093717,AAPL,98.67,99.06,97.69,99.66,6133
20230720T093718,AAPL,98.63,99.36,98.41,99.6,4167
20230720T093719,AAPL,102.18,102.8,102.13,99.72,6268
20230720T093720,AAPL,99.11,100.01,98.42,99.74,6602
20230720T093721,AAPL,98.52,99.05,98.17,99.67,5992
20230720T093722,AAPL,99.38,100.3,98.44,99.64,4809
20230720T093723,AAPL,99.69,100.51,98.97,99.63,5458
20230720T093724,AAPL,98.04,98.29,97.56,99.6,6419
20230720T093725,AAPL,100.52,100.9,99.86,99.72,5060
20230720T093726,AAPL,100.31,100.61,100.15,99.74,4637
20230720T093727,AAPL,101.37,102.06,101.1,99.87,6403
20230720T093728,AAPL,99.46,99.95,99.1,99.79,5376
20230720T093729,AAPL,100.32,100.87,99.79,99.71,6856
20230720T093730,AAPL,100.14,100.7,99.95,99.71,6687
20230720T093731,AAPL,99.7,100.62,98.8,99.65,6911
20230720T093732,AAPL,100.96,101.6,100.6,99.75,5075
20230720T093733,AAPL,99.8,100.16,99.57,99.72,6821
20230720T093734,AAPL,99.47,99.84,99.46,99.74,5147
20230720T093735,AAPL,99.69,100.2,99.56,99.76,5654
20230720T093736,AAPL,98.33,99.15,98.18,99.71,4677
20230720T093737,AAPL,98.47,99.1,97.87,99.7,5443
20230720T093738,AAPL,98.9,99.78,98.84,99.72,4754
20230720T093739,AAPL,100.12,100.59,99.5,99.61,4090
20230720T093740,AAPL,97.89,98.59,97.73,99.55,4527
20230720T093741,AAPL,100.79,101.02,100.62,99.67,4513
20230720T093742,AAPL,100.04,100.12,99.72,99.7,6642
20230720T093743,AAPL,100.18,100.49,99.36,99.72,5672
20230720T093744,AAPL,98.73,99.14,98.19,99.76,4928
20230720T093745,AAPL,99.55,100.1,98.76,99.71,5781
20230720T093746,AAPL,99.68,99.82,98.87,99.68,6985
20230720T093747,AAPL,101.94,102.59,101.13,99.71,5647
20230720T093748,AAPL,99.43,100.16,98.63,99.71,6623
20230720T093749,AAPL,97.67,97.86,97.26,99.57,6797
20230720T093750,AAPL,100.1,100.29,99.98,99.57,5985
20230720T093751,AAPL,100.09,100.96,99.33,99.59,5961
20230720T093752,AAPL,100.75,101.39,100.44,99.58,5384
20230720T093753,AAPL,100.39,101.14,100.37,99.61,4601
20230720T093754,AAPL,99.3,99.52,98.53,99.6,6997
20230720T093755,AAPL,99.22,99.56,98.4,99.58,5805
20230720T093756,AAPL,98.06,99.03,97.06,99.56,6504
20230720T093757,AAPL,100.56,101.48,100.36,99.67,4690
20230720T093758,AAPL,101.2,101.77,100.22,99.78,4129
20230720T093759,AAPL,100.3,100.89,99.38,99.79,4199
20230720T093800,AAPL,99.72,99.96,98.82,99.89,5590
20230720T093801,AAPL,99.76,100.65,99.63,99.83,5569
20230720T093802,AAPL,98.38,98.61,97.99,99.75,4505
20230720T093803,AAPL,98.76,98.87,98.63,99.68,4831
20230720T093804,AAPL,98.88,99.14,98.13,99.69,5253
20230720T093805,AAPL,99.78,100.05,99.47,99.7,4162
20230720T093806,AAPL,99.73,99.85,99.38,99.7,5018
20230720T093807,AAPL,98.59,99.23,97.69,99.53,5167
20230720T093808,AAPL,100.51,101.17,100.04,99.59,5798
20230720T093809,AAPL,100.15,100.39,100.1,99.71,6740
20230720T093810,AAPL,98.85,99.58,98.59,99.65,4777
20230720T093811,AAPL,100.11,100.76,99.57,99.65,6814
20230720T093812,AAPL,99.95,100.17,99.69,99.61,6708
20230720T093813,AAPL,99.67,99.7,99.54,99.57,6212
20230720T093814,AAPL,100.46,100.74,99.98,99.63,5253
20230720T093815,AAPL,100.55,101.16,100.41,99.7,4256
20230720T093816,AAPL,100.48,100.61,100.03,99.82,4846
20230720T093817,AAPL,98.69,99.1,98.52,99.73,4165
20230720T093818,AAPL,101.19,101.87,100.69,99.73,4314
20230720T093819,AAPL,98.65,98.77,97.95,99.64,6137
20230720T093820,AAPL,100.72,101.3,100.2,99.69,6060
20230720T093821,AAPL,99.89,100.47,99.12,99.7,4602
20230720T093822,AAPL,98.89,99.08,97.96,99.72,5901
20230720T093823,AAPL,100.27,100.38,99.93,99.8,5086
20230720T093824,AAPL,100.99,101.41,100.02,99.91,5183
20230720T093825,AAPL,99.27,99.88,98.7,99.88,5735
20230720T093826,AAPL,99.72,100.59,98.81,99.88,4158
20230720T093827,AAPL,101.44,102.04,101.21,100.02,4925
20230720T093828,AAPL,101.46,101.74,100.75,100.07,5080
20230720T093829,AAPL,99.58,99.85,99.47,100.04,4463
20230720T093830,AAPL,100.26,100.3,99.52,100.11,5044
20230720T093831,AAPL,100.01,100.56,99.8,100.11,5128
20230720T093832,AAPL,100.28,100.94,100.23,100.12,4899
20230720T093833,AAPL,99.11,99.2,98.3,100.1,5116
20230720T093834,AAPL,99.17,99.82,98.36,100.03,6745
20230720T093835,AAPL,99.22,99.38,98.3,99.96,6164
20230720T093836,AAPL,99.78,100.22,99.45,99.93,5628
20230720T093837,AAPL,99.81,100.68,99.25,99.99,6630
20230720T093838,AAPL,99.83,100.74,99.43,99.92,4416
20230720T093839,AAPL,99.7,100.48,99.43,99.97,6770
20230720T093840,AAPL,101.42,101.43,100.52,100.0,6325
20230720T093841,AAPL,100.21,100.96,100.06,100.02,6963
20230720T093842,AAPL,101.8,102.06,101.76,100.17,5674
20230720T093843,AAPL,99.21,100.02,98.87,100.11,5644
20230720T093844,AAPL,100.31,100.91,99.32,100.08,4353
20230720T093845,AAPL,103.47,103.78,103.3,100.29,6629
20230720T093846,AAPL,98.01,98.15,97.43,100.2,5261
20230720T093847,AAPL,100.87,101.54,100.41,100.18,5725
20230720T093848,AAPL,98.93,99.37,98.06,100.05,4792
20230720T093849,AAPL,98.83,99.75,98.63,100.01,4986
20230720T093850,AAPL,99.3,99.47,98.71,99.96,5764
20230720T093851,AAPL,101.35,102.0,101.34,100.03,5475
20230720T093852,AAPL,98.89,98.94,98.75,99.96,4248
20230720T093853,AAPL,100.39,100.49,100.27,100.03,5061
20230720T093854,AAPL,100.25,101.0,99.33,100.08,5143
20230720T093855,AAPL,100.39,100.48,99.59,100.14,6179
20230720T093856,AAPL,100.88,101.18,100.58,100.19,5714
20230720T093857,AAPL,100.94,101.9,100.61,100.25,5646
20230720T093858,AAPL,98.64,98.83,97.89,100.19,5466
20230720T093859,AAPL,99.37,99.4,98.95,100.17,5911
20230720T093900,AAPL,98.37,98.93,98.19,100.02,4309
20230720T093901,AAPL,100.5,101.28,99.79,100.03,4148
20230720T093902,AAPL,98.05,98.1,97.9,99.85,5922
20230720T093903,AAPL,102.39,103.04,101.87,100.01,4086
20230720T093904,AAPL,102.38,103.22,102.29,100.11,6886
20230720T093905,AAPL,100.14,100.99,99.81,99.94,6372
20230720T093906,AAPL,100.08,101.01,99.51,100.05,4148
20230720T093907,AAPL,98.95,99.45,98.0,99.95,5646
20230720T093908,AAPL,100.14,101.05,100.07,100.01,4121
20230720T093909,AAPL,100.0,100.03,99.16,100.07,5040
20230720T093910,AAPL,99.54,99.9,99.45,100.08,6963
20230720T093911,AAPL,98.34,98.69,98.03,99.93,6161
20230720T093912,AAPL,98.37,98.77,97.59,99.91,5680
20230720T093913,AAPL,99.15,99.31,98.24,99.84,6663
20230720T093914,AAPL,100.81,101.15,99.93,99.87,6845
20230720T093915,AAPL,100.93,101.02,100.04,99.9,4820
20230720T093916,AAPL,98.94,99.56,98.26,99.8,6652
20230720T093917,AAPL,102.17,102.44,102.16,99.86,6300
20230720T093918,AAPL,99.73,100.58,99.68,99.92,6312
20230720T093919,AAPL,99.93,100.07,99.26,99.95,6686
20230720T093920,AAPL,100.07,100.23,99.73,100.03,6568
20230720T093921,AAPL,99.32,99.34,98.46,99.97,6626
20230720T093922,AAPL,99.31,99.68,99.12,100.03,6891
20230720T093923,AAPL,99.86,100.65,98.89,99.91,4664
20230720T093924,AAPL,99.44,99.47,99.16,99.76,5059
20230720T093925,AAPL,99.35,99.52,99.2,99.72,6608
20230720T093926,AAPL,98.93,99.89,97.95,99.66,4860
20230720T093927,AAPL,99.25,99.94,98.64,99.68,6182
20230720T093928,AAPL,100.33,101.26,99.83,99.69,4900
20230720T093929,AAPL,99.8,100.57,99.77,99.68,5921
20230720T093930,AAPL,102.09,102.13,101.76,99.81,5779
20230720T093931,AAPL,99.67,100.54,99.32,99.87,5662
20230720T093932,AAPL,98.29,98.73,98.07,99.87,4244
20230720T093933,AAPL,99.7,100.42,99.63,99.9,5702
20230720T093934,AAPL,98.97,99.05,98.87,99.8,5193
20230720T093935,AAPL,99.5,99.79,99.25,99.73,5073
20230720T093936,AAPL,101.89,102.78,101.13,99.88,4243
20230720T093937,AAPL,100.58,100.83,99.81,99.8,4497
20230720T093938,AAPL,99.46,100.39,98.71,99.79,5919
20230720T093939,AAPL,99.59,100.19,99.41,99.77,4337
20230720T093940,AAPL,102.06,102.32,101.99,99.87,6051
20230720T093941,AAPL,100.63,100.71,100.17,99.94,6632
20230720T093942,AAPL,99.99,100.49,99.51,99.97,6457
20230720T093943,AAPL,99.34,99.78,98.97,99.94,4603
20230720T093944,AAPL,101.08,102.04,100.95,100.03,6588
20230720T093945,AAPL,99.1,99.34,98.11,100.01,4141
20230720T093946,AAPL,100.25,100.99,99.46,100.08,5143
20230720T093947,AAPL,99.59,100.24,99.01,100.1,6744
20230720T093948,AAPL,99.99,100.89,99.04,100.08,4737
20230720T093949,AAPL,98.14,98.61,98.06,100.0,4287
20230720T093950,AAPL,99.38,99.72,98.75,99.86,4165
20230720T093951,AAPL,100.91,101.37,99.92,99.92,6571
20230720T093952,AAPL,99.86,99.87,99.29,100.0,4037
20230720T093953,AAPL,99.82,100.58,99.28,100.01,4159
20230720T093954,AAPL,99.41,100.15,98.88,100.03,5294
20230720T093955,AAPL,100.89,101.62,100.28,100.1,6270
20230720T093956,AAPL,99.71,99.94,99.08,99.99,5354
20230720T093957,AAPL,99.83,100.44,99.31,99.95,4195
20230720T093958,AAPL,98.71,98.72,98.55,99.91,6293
20230720T093959,AAPL,99.31,99.45,99.1,99.9,4409
20230720T094000,AAPL,99.73,99.97,99.48,99.78,4079
20230720T094001,AAPL,99.75,100.54,98.85,99.74,6552
20230720T094002,AAPL,101.22,102.05,100.62,99.8,5276
20230720T094003,AAPL,99.42,99.52,98.46,99.8,4581
20230720T094004,AAPL,99.73,100.22,99.2,99.74,4640
20230720T094005,AAPL,100.5,100.52,100.39,99.81,5734
20230720T094006,AAPL,100.54,100.94,100.17,99.82,5119
20230720T094007,AAPL,101.74,102.31,101.21,99.93,4781
20230720T094008,AAPL,100.08,100.53,99.1,99.93,5907
20230720T094009,AAPL,100.39,100.48,100.35,100.05,5366
20230720T094010,AAPL,100.7,101.48,100.0,100.11,5661
20230720T094011,AAPL,98.54,98.66,98.34,99.99,6282
20230720T094012,AAPL,100.93,101.11,100.21,100.05,4825
20230720T094013,AAPL,99.26,100.2,99.07,100.02,6370
20230720T094014,AAPL,100.62,100.96,100.09,100.08,4785
20230720T094015,AAPL,99.74,100.31,99.68,100.02,4143
20230720T094016,AAPL,100.02,100.73,99.94,100.04,6112
20230720T094017,AAPL,99.84,100.02,98.84,100.04,4922
20230720T094018,AAPL,100.79,101.66,100.12,100.14,6325
20230720T094019,AAPL,101.86,102.2,100.92,100.27,4829
20230720T094020,AAPL,99.75,100.47,99.24,100.27,5020
20230720T094021,AAPL,100.66,101.03,100.38,100.32,5530
20230720T094022,AAPL,100.63,101.51,99.99,100.29,4058
20230720T094023,AAPL,100.28,100.69,100.16,100.33,5298
20230720T094024,AAPL,98.33,99.25,97.33,100.26,5353
20230720T094025,AAPL,99.34,99.59,98.83,100.2,5275
20230720T094026,AAPL,98.13,98.74,97.7,100.08,6282
20230720T094027,AAPL,99.2,100.19,98.33,99.95,6896
20230720T094028,AAPL,100.45,100.62,100.17,99.97,5567
20230720T094029,AAPL,101.81,101.91,101.13,100.04,6113
20230720T094030,AAPL,99.93,100.86,99.02,100.01,5056
20230720T094031,AAPL,98.45,98.53,98.24,100.0,4785
20230720T094032,AAPL,101.14,101.18,101.14,100.01,6114
20230720T094033,AAPL,99.59,99.91,99.22,100.03,4024
20230720T094034,AAPL,100.46,100.68,99.59,100.02,5727
20230720T094035,AAPL,99.31,100.04,99.29,100.0,4785
20230720T094036,AAPL,99.3,100.14,99.15,99.96,4599
20230720T094037,AAPL,99.7,100.61,99.69,99.96,4435
20230720T094038,AAPL,99.34,99.94,99.12,99.88,6728
20230720T094039,AAPL,99.28,99.8,98.84,99.75,5427
20230720T094040,AAPL,100.88,101.04,100.69,99.81,6521
20230720T094041,AAPL,99.3,99.6,99.06,99.74,6346
20230720T094042,AAPL,99.04,99.07,98.48,99.66,4821
20230720T094043,AAPL,100.32,100.71,100.21,99.66,4075
20230720T094044,AAPL,99.32,99.78,98.68,99.71,4417
20230720T094045,AAPL,100.64,101.33,100.61,99.78,5235
20230720T094046,AAPL,100.76,101.57,99.78,99.91,4810
20230720T094047,AAPL,99.99,100.15,99.1,99.95,6679
20230720T094048,AAPL,101.83,102.64,100.91,100.02,5803
20230720T094049,AAPL,99.99,100.89,99.56,99.93,4747
20230720T094050,AAPL,99.11,99.8,98.24,99.89,6292
20230720T094051,AAPL,96.9,97.7,95.97,99.81,5456
20230720T094052,AAPL,98.54,99.45,98.41,99.68,5593
20230720T094053,AAPL,101.2,101.81,100.48,99.76,5836
20230720T094054,AAPL,99.72,100.35,99.3,99.72,6506
20230720T094055,AAPL,99.01,99.02,98.17,99.71,5067
20230720T094056,AAPL,97.63,98.17,96.83,99.62,6544
20230720T094057,AAPL,101.78,101.87,101.06,99.73,6362
20230720T094058,AAPL,100.89,101.27,100.32,99.81,5453
20230720T094059,AAPL,99.56,100.2,98.63,99.82,6966
20230720T094100,AAPL,102.64,102.97,102.2,99.91,4009
20230720T094101,AAPL,101.98,102.79,101.15,100.04,5037
20230720T094102,AAPL,99.95,100.34,99.25,100.09,4505
20230720T094103,AAPL,100.63,100.65,100.47,100.1,4641
20230720T094104,AAPL,98.07,98.95,98.04,100.04,4921
20230720T094105,AAPL,101.12,101.54,100.29,100.06,6885
20230720T094106,AAPL,100.18,100.59,99.5,100.04,5508
20230720T094107,AAPL,99.6,99.86,98.88,100.02,6339
20230720T094108,AAPL,99.77,99.92,99.76,99.91,6623
20230720T094109,AAPL,98.0,98.19,97.81,99.81,4399
20230720T094110,AAPL,98.73,99.17,97.76,99.8,4511
20230720T094111,AAPL,101.43,102.09,100.78,100.02,5038
20230720T094112,AAPL,99.0,99.24,98.76,100.04,4576
20230720T094113,AAPL,98.63,98.79,97.68,99.92,4676
20230720T094114,AAPL,100.96,101.43,100.75,99.98,5534
20230720T094115,AAPL,100.44,101.09,99.74,100.05,5579
20230720T094116,AAPL,98.8,99.13,98.28,100.11,4743
20230720T094117,AAPL,98.25,98.3,97.66,99.93,4822
20230720T094118,AAPL,101.64,102.25,101.37,99.97,6339
20230720T094119,AAPL,98.61,99.58,97.75,99.92,5398
20230720T094120,AAPL,98.62,98.9,98.17,99.72,5204
20230720T094121,AAPL,100.59,101.12,99.62,99.65,4196
20230720T094122,AAPL,99.25,100.15,98.75,99.62,6113
20230720T094123,AAPL,100.23,100.8,99.96,99.6,5314
20230720T094124,AAPL,100.15,100.48,99.27,99.7,5526
20230720T094125,AAPL,99.72,99.98,98.77,99.63,4830
20230720T094126,AAPL,100.39,100.55,100.06,99.64,4001
20230720T094127,AAPL,98.59,98.98,97.6,99.59,6680
20230720T094128,AAPL,100.27,101.17,100.07,99.61,6241
20230720T094129,AAPL,100.27,100.27,99.71,99.73,5849
20230720T094130,AAPL,102.09,102.47,101.28,99.9,6569
20230720T094131,AAPL,99.62,99.88,99.33,99.81,4726
20230720T094132,AAPL,99.34,99.41,98.51,99.82,4699
20230720T094133,AAPL,99.3,99.94,98.41,99.86,6528
20230720T094134,AAPL,100.09,100.83,99.88,99.81,5096
20230720T094135,AAPL,99.07,99.21,98.61,99.74,6371
20230720T094136,AAPL,98.78,99.32,97.91,99.74,4291
20230720T094137,AAPL,100.26,101.05,99.52,99.84,5700
20230720T094138,AAPL,99.4,100.26,99.22,99.73,4974
20230720T094139,AAPL,98.47,98.67,97.87,99.72,5398
20230720T094140,AAPL,99.58,100.41,98.64,99.77,6240
20230720T094141,AAPL,101.76,102.27,101.44,99.83,4080
20230720T094142,AAPL,100.77,101.13,99.98,99.91,5162
20230720T094143,AAPL,99.65,100.25,99.15,99.88,5794
20230720T094144,AAPL,98.92,99.13,98.03,99.82,5728
20230720T094145,AAPL,100.03,100.46,99.5,99.83,6154
20230720T094146,AAPL,100.59,100.95,100.04,99.84,4886
20230720T094147,AAPL,99.45,99.83,99.01,99.89,5324
20230720T094148,AAPL,100.68,100.85,100.07,99.91,6512
20230720T094149,AAPL,99.6,100.23,99.48,99.87,6822
20230720T094150,AAPL,99.65,100.5,98.73,99.75,6068
20230720T094151,AAPL,99.66,99.69,99.41,99.75,4779
20230720T094152,AAPL,101.18,101.39,100.58,99.84,6407
20230720T094153,AAPL,100.27,100.73,100.16,99.89,6536
20230720T094154,AAPL,100.91,101.24,100.07,99.93,5497
20230720T094155,AAPL,99.79,100.25,99.47,99.97,5272
20230720T094156,AAPL,100.12,100.76,99.16,100.04,5763
20230720T094157,AAPL,100.86,101.36,100.63,100.07,5081
20230720T094158,AAPL,100.35,100.43,99.57,100.11,6890
20230720T094159,AAPL,99.91,100.56,99.83,100.19,6458
20230720T094200,AAPL,99.64,99.89,99.43,100.19,4836
20230720T094201,AAPL,101.44,102.43,100.58,100.17,6060
20230720T094202,AAPL,99.25,99.58,98.75,100.1,5697
20230720T094203,AAPL,98.69,99.5,97.78,100.05,6686
20230720T094204,AAPL,99.85,100.22,99.43,100.1,5134
20230720T094205,AAPL,100.04,100.58,99.46,100.1,5585
20230720T094206,AAPL,99.2,99.84,98.55,100.03,4492
20230720T094207,AAPL,98.72,99.03,98.43,99.99,4216
20230720T094208,AAPL,99.79,100.54,99.63,99.95,5587
20230720T094209,AAPL,100.85,100.94,100.62,100.01,4167
20230720T094210,AAPL,100.69,101.24,100.38,100.06,4167
20230720T094211,AAPL,100.88,101.76,100.35,100.12,4672
20230720T094212,AAPL,99.75,100.73,98.84,100.05,5264
20230720T094213,AAPL,99.55,100.43,98.85,100.01,5704
20230720T094214,AAPL,100.36,100.42,99.99,99.99,5936
20230720T094215,AAPL,101.01,101.72,100.19,100.05,4007
20230720T094216,AAPL,98.96,99.29,98.5,99.99,6664
20230720T094217,AAPL,101.21,102.12,100.34,100.01,4054
20230720T094218,AAPL,101.9,102.34,101.0,100.08,6544
20230720T094219,AAPL,98.84,98.88,98.54,100.03,4307
20230720T094220,AAPL,100.97,101.04,100.94,100.1,4584
20230720T094221,AAPL,99.93,100.86,99.75,100.02,4680
20230720T094222,AAPL,100.11,100.33,99.57,100.06,6965
20230720T094223,AAPL,100.14,100.19,99.89,100.14,5617
20230720T094224,AAPL,99.87,100.05,99.39,100.14,4731
20230720T094225,AAPL,99.78,100.32,99.56,100.13,6478
20230720T094226,AAPL,100.6,100.73,99.76,100.2,6332
20230720T094227,AAPL,101.02,101.96,100.25,100.31,4636
20230720T094228,AAPL,99.25,99.58,99.01,100.28,5872
20230720T094229,AAPL,100.52,101.31,99.65,100.27,6826
20230720T094230,AAPL,98.57,98.89,98.3,100.16,4877
20230720T094231,AAPL,99.87,100.59,99.54,100.11,5551
20230720T094232,AAPL,99.49,100.1,98.92,100.1,5355
20230720T094233,AAPL,99.66,99.69,98.88,100.1,5081
20230720T094234,AAPL,99.78,100.39,99.52,100.07,4902
20230720T094235,AAPL,99.8,100.28,98.96,100.01,6473
20230720T094236,AAPL,101.82,102.58,101.43,100.16,4335
20230720T094237,AAPL,97.81,98.31,97.05,99.99,6872
20230720T094238,AAPL,98.41,98.54,98.2,99.81,6590
20230720T094239,AAPL,101.07,101.57,100.65,99.92,5059
20230720T094240,AAPL,100.5,101.38,100.12,99.9,5012
20230720T094241,AAPL,99.38,100.07,99.21,99.87,4221
20230720T094242,AAPL,98.31,99.03,97.55,99.78,4128
20230720T094243,AAPL,99.62,100.57,99.0,99.76,4813
20230720T094244,AAPL,101.94,102.47,101.47,99.86,5265
20230720T094245,AAPL,99.27,99.8,98.38,99.83,4083
20230720T094246,AAPL,99.75,100.08,99.74,99.79,4290
20230720T094247,AAPL,100.66,101.24,100.36,99.77,4367
20230720T094248,AAPL,101.35,102.14,101.08,99.88,6353
20230720T094249,AAPL,99.88,99.98,98.94,99.85,5183
20230720T094250,AAPL,103.66,104.13,102.95,100.1,4038
20230720T094251,AAPL,99.83,100.14,99.04,100.1,5104
20230720T094252,AAPL,101.42,102.12,101.09,100.2,5978
20230720T094253,AAPL,101.68,102.04,101.53,100.3,5355
20230720T094254,AAPL,100.45,101.27,99.64,100.33,5816
20230720T094255,AAPL,100.84,101.38,100.43,100.38,5999
20230720T094256,AAPL,100.07,100.28,100.07,100.3,4685
20230720T094257,AAPL,100.64,100.99,99.71,100.44,4538
20230720T094258,AAPL,101.33,101.94,100.51,100.58,5532
20230720T094259,AAPL,100.25,100.49,99.54,100.54,6648
20230720T094300,AAPL,102.26,102.46,102.13,100.63,5166
20230720T094301,AAPL,99.52,100.24,99.36,100.64,4269
20230720T094302,AAPL,100.14,101.1,99.31,100.73,5456
20230720T094303,AAPL,100.99,101.38,100.38,100.8,6698
20230720T094304,AAPL,100.66,100.83,99.94,100.73,6658
20230720T094305,AAPL,101.11,102.02,100.81,100.82,4927
20230720T094306,AAPL,99.63,100.32,99.62,100.82,6959
20230720T094307,AAPL,101.69,101.96,101.16,100.87,6681
20230720T094308,AAPL,100.23,100.66,99.48,100.81,4815
20230720T094309,AAPL,99.6,100.05,99.18,100.8,6663
20230720T094310,AAPL,98.95,99.71,98.1,100.56,6551
20230720T094311,AAPL,100.74,101.39,100.66,100.61,4738
20230720T094312,AAPL,101.11,101.59,100.61,100.59,5597
20230720T094313,AAPL,99.76,100.33,98.92,100.5,5528
20230720T094314,AAPL,99.93,100.23,99.08,100.47,5357
20230720T094315,AAPL,99.64,100.15,98.7,100.41,4830
20230720T094316,AAPL,99.74,100.57,99.05,100.4,6843
20230720T094317,AAPL,100.03,100.44,99.42,100.37,6230
20230720T094318,AAPL,100.44,100.47,99.51,100.32,6264
20230720T094319,AAPL,101.66,101.89,101.3,100.39,4000
20230720T094320,AAPL,99.62,99.88,99.01,100.26,4986
20230720T094321,AAPL,100.49,100.5,100.0,100.31,6838
20230720T094322,AAPL,99.68,100.52,99.08,100.28,4659
20230720T094323,AAPL,97.25,98.03,96.56,100.1,6776
20230720T094324,AAPL,97.7,98.19,96.95,99.95,4905
20230720T094325,AAPL,98.27,98.62,97.4,99.81,5287
20230720T094326,AAPL,102.0,102.42,101.53,99.93,5178
20230720T094327,AAPL,101.94,102.87,101.3,99.94,4195
20230720T094328,AAPL,99.04,99.54,98.43,99.88,6001
20230720T094329,AAPL,101.45,102.02,101.35,99.97,4422
20230720T094330,AAPL,100.69,101.6,100.53,100.06,6261
20230720T094331,AAPL,99.82,100.61,99.3,100.01,5858
20230720T094332,AAPL,101.22,101.43,101.11,100.02,5775
20230720T094333,AAPL,99.96,100.63,99.81,100.03,6469
20230720T094334,AAPL,99.5,100.39,98.97,100.01,4680
20230720T094335,AAPL,99.21,99.83,99.04,99.99,5056
20230720T094336,AAPL,99.8,99.91,99.28,99.99,5477
20230720T094337,AAPL,98.56,98.97,98.26,99.91,6907
20230720T094338,AAPL,99.24,99.41,98.78,99.85,4135
20230720T094339,AAPL,100.99,101.33,100.7,99.82,5802
20230720T094340,AAPL,101.34,101.95,100.42,99.91,6519
20230720T094341,AAPL,99.47,99.53,99.39,99.86,6075
20230720T094342,AAPL,101.1,101.47,101.06,99.93,6700
20230720T094343,AAPL,100.49,100.58,100.27,100.09,6507
20230720T094344,AAPL,100.54,101.3,100.42,100.23,6837
20230720T094345,AAPL,100.31,100.99,99.66,100.33,4560
20230720T094346,AAPL,99.24,99.95,98.39,100.2,5836
20230720T094347,AAPL,100.3,100.89,99.71,100.11,4478
20230720T094348,AAPL,100.23,100.67,99.98,100.17,6495
20230720T094349,AAPL,99.72,100.13,99.63,100.09,5139
20230720T094350,AAPL,97.84,98.46,97.83,99.94,4259
20230720T094351,AAPL,99.68,99.86,99.48,99.94,6257
20230720T094352,AAPL,100.99,101.58,100.55,99.93,6452
20230720T094353,AAPL,100.78,100.93,99.94,99.97,4747
20230720T094354,AAPL,99.49,99.97,99.18,99.97,4024
20230720T094355,AAPL,100.64,100.67,100.37,100.04,4771
20230720T094356,AAPL,100.85,101.14,100.19,100.09,4444
20230720T094357,AAPL,100.02,100.47,99.89,100.16,6996
20230720T094358,AAPL,98.0,98.03,97.18,100.1,6807
20230720T094359,AAPL,98.76,99.01,98.24,99.99,4649
20230720T094400,AAPL,102.03,102.5,101.8,100.02,4236
20230720T094401,AAPL,100.67,100.97,100.17,100.08,4775
20230720T094402,AAPL,100.95,101.78,100.7,100.08,5471
20230720T094403,AAPL,98.84,99.77,98.13,99.99,4272
20230720T094404,AAPL,101.78,101.92,101.29,100.06,6088
20230720T094405,AAPL,99.2,100.16,98.43,100.0,5451
20230720T094406,AAPL,99.87,100.61,99.37,100.03,4340
20230720T094407,AAPL,98.84,99.43,98.6,99.96,4240
20230720T094408,AAPL,99.14,99.27,99.02,99.9,4044
20230720T094409,AAPL,100.3,100.55,100.27,99.93,4392
20230720T094410,AAPL,101.83,102.01,101.18,100.13,5373
20230720T094411,AAPL,99.98,100.34,99.36,100.15,6252
20230720T094412,AAPL,100.5,101.22,99.92,100.12,5245
20230720T094413,AAPL,100.39,101.06,99.55,100.1,4482
20230720T094414,AAPL,100.85,101.81,100.7,100.17,5571
20230720T094415,AAPL,99.4,100.03,99.38,100.11,5883
20230720T094416,AAPL,99.04,99.98,99.02,100.02,6572
20230720T094417,AAPL,100.59,100.91,99.76,100.05,5046
20230720T094418,AAPL,100.97,101.31,100.36,100.2,6442
20230720T094419,AAPL,100.13,100.97,99.91,100.27,6702
20230720T094420,AAPL,101.6,101.86,101.15,100.24,4703
20230720T094421,AAPL,100.15,100.98,99.82,100.22,4993
20230720T094422,AAPL,101.28,101.54,101.07,100.23,6359
20230720T094423,AAPL,100.54,100.56,99.69,100.32,5435
20230720T094424,AAPL,99.62,100.12,98.67,100.21,6171
20230720T094425,AAPL,100.26,101.08,100.21,100.26,6460
20230720T094426,AAPL,100.69,101.41,100.01,100.3,5091
20230720T094427,AAPL,99.32,99.35,99.3,100.33,6885
20230720T094428,AAPL,99.4,99.89,98.9,100.34,4800
20230720T094429,AAPL,99.33,99.73,98.38,100.29,5922
20230720T094430,AAPL,99.05,99.9,98.77,100.15,4081
20230720T094431,AAPL,101.76,102.02,101.38,100.24,6461
20230720T094432,AAPL,97.9,98.55,97.58,100.11,5780
20230720T094433,AAPL,102.1,102.55,101.75,100.2,5174
20230720T094434,AAPL,98.43,98.56,97.58,100.08,4395
20230720T094435,AAPL,98.91,99.2,98.75,100.05,5286
20230720T094436,AAPL,100.89,101.33,100.13,100.15,4019
20230720T094437,AAPL,102.46,102.88,101.46,100.24,4695
20230720T094438,AAPL,101.33,101.94,101.25,100.26,4293
20230720T094439,AAPL,99.48,99.66,98.84,100.22,6814
20230720T094440,AAPL,100.36,101.11,100.34,100.16,5278
20230720T094441,AAPL,99.89,100.17,99.06,100.15,6003
20230720T094442,AAPL,99.69,100.16,99.38,100.07,6561
20230720T094443,AAPL,99.2,99.99,98.28,100.0,4566
20230720T094444,AAPL,100.32,100.34,100.18,100.04,5951
20230720T094445,AAPL,99.32,99.32,98.47,99.99,5716
20230720T094446,AAPL,101.39,101.6,100.44,100.03,5706
20230720T094447,AAPL,100.66,101.37,99.79,100.09,6468
20230720T094448,AAPL,99.72,100.2,98.89,100.11,6124
20230720T094449,AAPL,100.84,101.34,100.36,100.19,4012
20230720T094450,AAPL,99.8,100.63,99.12,100.22,4099
20230720T094451,AAPL,99.79,100.15,99.2,100.12,5342
20230720T094452,AAPL,100.23,101.1,99.79,100.24,5810
20230720T094453,AAPL,99.53,100.26,99.23,100.11,5044
20230720T094454,AAPL,100.08,100.57,99.72,100.19,5526
20230720T094455,AAPL,98.55,99.52,98.17,100.18,4985
20230720T094456,AAPL,98.44,99.28,97.9,100.05,6768
20230720T094457,AAPL,100.16,101.0,99.33,99.94,4217
20230720T094458,AAPL,100.26,100.7,99.78,99.89,5199
20230720T094459,AAPL,97.58,98.57,96.81,99.79,5270
20230720T094500,AAPL,98.34,99.31,97.94,99.69,5989
20230720T094501,AAPL,99.11,99.7,98.47,99.65,4710
20230720T094502,AAPL,100.47,100.66,99.56,99.69,4660
20230720T094503,AAPL,99.95,100.8,99.86,99.73,6970
20230720T094504,AAPL,99.29,100.08,99.17,99.68,5279
20230720T094505,AAPL,100.54,100.91,100.25,99.74,6718
20230720T094506,AAPL,100.15,100.69,99.72,99.67,5590
20230720T094507,AAPL,99.83,99.85,99.36,99.63,5041
20230720T094508,AAPL,99.34,99.45,99.16,99.61,5421
20230720T094509,AAPL,97.97,97.99,97.67,99.47,4531
20230720T094510,AAPL,101.8,102.45,101.67,99.57,5197
20230720T094511,AAPL,100.12,100.83,99.62,99.59,6859
20230720T094512,AAPL,100.39,100.46,99.73,99.59,4362
20230720T094513,AAPL,97.75,98.27,97.61,99.51,6523
20230720T094514,AAPL,98.91,99.58,98.76,99.45,4688
20230720T094515,AAPL,100.32,101.21,100.26,99.54,5328
20230720T094516,AAPL,99.33,99.96,99.13,99.58,4790
20230720T094517,AAPL,97.83,98.26,97.58,99.46,6436
20230720T094518,AAPL,99.53,99.72,99.05,99.43,6793
20230720T094519,AAPL,99.24,99.89,98.69,99.51,5354
20230720T094520,AAPL,101.68,102.34,101.03,99.68,6302
20230720T094521,AAPL,100.33,100.7,100.14,99.74,4963
20230720T094522,AAPL,98.94,99.12,98.12,99.66,4149
20230720T094523,AAPL,99.13,99.54,98.64,99.62,6221
20230720T094524,AAPL,101.18,101.84,101.07,99.72,4147
20230720T094525,AAPL,101.13,101.55,100.64,99.75,6220
20230720T094526,AAPL,100.68,101.42,99.82,99.77,4433
20230720T094527,AAPL,99.58,100.48,98.96,99.76,6977
20230720T094528,AAPL,100.47,100.73,99.87,99.82,6686
20230720T094529,AAPL,98.26,99.18,97.74,99.83,4805
20230720T094530,AAPL,98.17,98.18,97.44,99.65,6590
20230720T094531,AAPL,101.38,101.62,100.57,99.71,6638
20230720T094532,AAPL,98.93,99.72,98.06,99.64,5932
20230720T094533,AAPL,101.28,101.57,101.0,99.81,4707
20230720T094534,AAPL,99.55,99.85,99.15,99.85,4736
20230720T094535,AAPL,100.4,100.6,100.28,99.85,4619
20230720T094536,AAPL,98.45,98.61,98.09,99.81,5174
20230720T094537,AAPL,98.93,99.0,98.55,99.86,4197
20230720T094538,AAPL,101.99,102.26,101.0,99.98,6704
20230720T094539,AAPL,100.82,101.45,100.18,100.06,6646
20230720T094540,AAPL,100.75,101.45,100.22,100.02,5694
20230720T094541,AAPL,100.09,100.5,99.61,100.01,4157
20230720T094542,AAPL,99.54,99.98,99.42,100.04,4325
20230720T094543,AAPL,100.21,100.43,99.6,100.09,5133
20230720T094544,AAPL,102.02,102.26,101.35,100.13,4855
20230720T094545,AAPL,101.42,101.99,100.95,100.15,4581
20230720T094546,AAPL,101.74,101.92,100.93,100.2,4006
20230720T094547,AAPL,100.09,100.22,99.66,100.22,4740
20230720T094548,AAPL,99.75,100.14,99.55,100.19,6215
20230720T094549,AAPL,101.7,102.15,101.44,100.36,6362
20230720T094550,AAPL,99.6,99.88,99.12,100.43,5021
20230720T094551,AAPL,101.68,101.96,101.23,100.45,5083
20230720T094552,AAPL,100.68,100.9,100.02,100.53,6602
20230720T094553,AAPL,98.87,99.34,98.83,100.41,4058
20230720T094554,AAPL,101.65,102.28,101.56,100.52,5547
20230720T094555,AAPL,100.62,100.85,100.24,100.53,4154
20230720T094556,AAPL,99.35,99.84,98.69,100.58,4266
20230720T094557,AAPL,98.88,99.21,98.77,100.57,6558
20230720T094558,AAPL,100.33,100.93,99.59,100.49,5575
20230720T094559,AAPL,100.23,100.88,99.32,100.46,6296
20230720T094600,AAPL,100.94,101.52,100.25,100.47,5232
20230720T094601,AAPL,100.44,101.4,100.25,100.49,5741
20230720T094602,AAPL,98.41,99.02,97.76,100.43,5679
20230720T094603,AAPL,99.96,100.59,99.8,100.42,5824
20230720T094604,AAPL,99.04,99.19,98.19,100.27,4158
20230720T094605,AAPL,99.9,100.6,99.86,100.19,6802
20230720T094606,AAPL,100.51,101.47,99.67,100.13,4292
20230720T094607,AAPL,98.81,99.1,98.33,100.07,4049
20230720T094608,AAPL,98.54,98.96,98.52,100.01,6758
20230720T094609,AAPL,100.0,100.64,99.76,99.92,6501
20230720T094610,AAPL,99.25,99.46,98.93,99.9,6432
20230720T094611,AAPL,99.38,100.19,99.11,99.79,4967
20230720T094612,AAPL,98.57,98.98,97.66,99.68,4596
20230720T094613,AAPL,101.0,101.21,100.84,99.79,4424
20230720T094614,AAPL,98.58,99.01,98.12,99.64,4447
20230720T094615,AAPL,99.6,100.55,99.17,99.59,5967
20230720T094616,AAPL,99.47,100.31,99.27,99.59,5366
20230720T094617,AAPL,99.17,99.68,98.65,99.61,6778
20230720T094618,AAPL,100.2,101.06,99.76,99.6,6022
20230720T094619,AAPL,100.13,100.35,99.5,99.59,5978
20230720T094620,AAPL,100.7,101.47,100.28,99.58,6173
20230720T094621,AAPL,98.34,99.12,98.15,99.48,6021
20230720T094622,AAPL,98.36,98.66,97.91,99.48,5743
20230720T094623,AAPL,101.02,101.66,100.15,99.53,6596
20230720T094624,AAPL,100.01,100.16,99.35,99.58,5378
20230720T094625,AAPL,99.77,100.05,99.68,99.57,4792
20230720T094626,AAPL,100.32,100.55,100.09,99.56,6560
20230720T094627,AAPL,99.58,100.07,98.67,99.6,6994
20230720T094628,AAPL,100.29,101.28,99.55,99.69,4750
20230720T094629,AAPL,98.53,99.36,97.78,99.61,6246
20230720T094630,AAPL,101.04,101.06,100.36,99.7,6759
20230720T094631,AAPL,99.01,99.88,98.14,99.68,6494
20230720T094632,AAPL,99.11,99.88,98.79,99.71,4840
20230720T094633,AAPL,100.17,100.2,99.44,99.67,5270
20230720T094634,AAPL,99.06,99.5,98.84,99.69,6991
20230720T094635,AAPL,99.47,99.61,98.9,99.69,6308
20230720T094636,AAPL,99.56,100.39,98.59,99.69,4719
20230720T094637,AAPL,99.07,99.34,98.25,99.69,5267
20230720T094638,AAPL,101.4,101.53,100.67,99.75,5580
20230720T094639,AAPL,99.97,100.14,99.2,99.74,5702
